"0","tamaramorrison@hotmail.com","pbkdf2:sha256:600000$NSymWdZ3lQmhgBGo$7d48567dea31985fa87be92e6a1c7c0e88875180de3076acf750ca7e839aa713","Gary","Cross","0.0","False"
"1","woodtina@gmail.com","pbkdf2:sha256:600000$jHVs6PYDLPvgT290$71d043bf039ae0d6c802ac6498256eb89c79fe601acc9a400a2538b535b0e72f","Denise","Thornton","0.0","False"
"2","rogersbrandon@yahoo.com","pbkdf2:sha256:600000$rxT8g81JLe8zYRuE$4534999870e2e956d358b8c26ac04eb2f8a1a7e9b5e83f97ad42032ff6a98436","Christina","Saunders","0.0","False"
"3","davidbanks@yahoo.com","pbkdf2:sha256:600000$QNRucZrAqlFLwTyn$f9d1590515807e6119bcf151cebb290b1c993bd74ebec9962f38e7f906148372","Kathleen","Collins","0.0","False"
"4","samanthasims@yahoo.com","pbkdf2:sha256:600000$XXGmdAJBa63KmFUW$d2cfe0bf3d3adc67d6367966890417c31f86a2ddde53817ffb2e3d2c4f8760e8","Timothy","Parker","0.0","False"
"5","amyvelazquez@gmail.com","pbkdf2:sha256:600000$gIMi9vTQ9dFZY0kU$80225537a081e6da9de5ab03e57fe570711e677b35ef43ab63d22f1938206156","Dr.","DDS","0.0","False"
"6","dpatrick@gmail.com","pbkdf2:sha256:600000$NYZ4asgkaajGOsmt$de6870b94c0f2ff933ee449eaee87905a11ed72176eb30a42f68f180eda48cad","John","Gibbs","0.0","False"
"7","huberrachel@gmail.com","pbkdf2:sha256:600000$3uGXbqZNMmdrBmrh$694f717f0e193c78b74ede320e59801636d3d647d4b31cf7f5c44d12b3b499bc","Julie","Chen","0.0","False"
"8","karicarter@yahoo.com","pbkdf2:sha256:600000$ukzL5gFyX3iKCrwC$662e1cd8356a5c80b5b596d37abb67a3ea3bdce46af963e00b594001a0f7f2ad","Ashley","Cooper","0.0","False"
"9","bramirez@gmail.com","pbkdf2:sha256:600000$zU06FrksfWdC8iKD$09dc20f7eec412013ade14b09cc0f803e414a7af430fe123615b21a82d837582","Christina","Smith","0.0","False"
"10","mcdanielchristopher@hotmail.com","pbkdf2:sha256:600000$cigrhdcJdt51JZuo$e6c9be8b9973aee8467066483d33c93d13a12585be379457425c8640c85eee52","Leslie","Taylor","0.0","False"
"11","fcarpenter@yahoo.com","pbkdf2:sha256:600000$iEvUUQY5BhueGQcI$62421fc3e3be3ff8414e2fd6bb4e3027d428edf8bb1313bbc756fed4f35a7549","Amanda","Schultz","0.0","False"
"12","nhenson@yahoo.com","pbkdf2:sha256:600000$kWQTgc5GOFtajMYz$5e7321c56ba138e1920a56e96bb8410e39fe5f5e7f6bb1d4db0c3047007bcf54","Kristen","Smith","0.0","False"
"13","taylorjamie@yahoo.com","pbkdf2:sha256:600000$ikZWjitjcKHmNlVL$88b2b9c12a7121022f09b3a2f2878ac46398a4cb028dd7041952504f1819dded","Mitchell","Payne","0.0","False"
"14","areyes@yahoo.com","pbkdf2:sha256:600000$MxPNCQmBUnObfHJJ$37cb26eedb4db882febab8e758b96ee4408dc099df8d4fbebf41e204e9b28a0b","Katherine","Brown","0.0","False"
"15","zmorgan@yahoo.com","pbkdf2:sha256:600000$pFtWZjYpVcvAemua$748b0c4c62c67a52a82210080d12303f2766e5d7164efef459aebf694685142a","Jessica","Hancock","0.0","False"
"16","rfischer@yahoo.com","pbkdf2:sha256:600000$QfCdZFXw60QPFufB$d8b7c044b943397da15f5a2390d91cbce136fde0d5a5eb5ca09b007d6ef24a70","Gloria","Smith","0.0","False"
"17","vasquezkathryn@gmail.com","pbkdf2:sha256:600000$tzWe1vEhjSCKHxIP$5ce5e8053be50a0aacd796e7221cd56e3c3ff0dcff15642db4d77dda15f7b117","Miguel","Shields","0.0","False"
"18","kimberly87@gmail.com","pbkdf2:sha256:600000$AjxJGHdjsiSP2gcF$7a191d3702dfad9bf88aed6a231d778810a9eb85b6ed516da232c110cafda644","Kyle","Powell","0.0","False"
"19","wbrown@hotmail.com","pbkdf2:sha256:600000$QJKAx8q6SaVSaDlq$0d836592c67a153117727db992e70d87a661282fe1dccbc1f96d8a425877e655","William","Hensley","0.0","False"
"20","pwilliams@hotmail.com","pbkdf2:sha256:600000$85b2rW7kiJdHHDNa$ce665a1d85317e23e8478a936706e81dd2c122ce6e2bcdf5190737531090a59c","Brett","Donaldson","0.0","False"
"21","houstonwhitney@hotmail.com","pbkdf2:sha256:600000$rjQB5C6RMQl2eUgP$020964dee1047d9bfb024de91c13c54374b5d3a7c8f19101d7247ebac21e6058","Thomas","Cook","0.0","False"
"22","pford@hotmail.com","pbkdf2:sha256:600000$uuEDjjbklXn6rOrZ$1511131e96d626fa8e9e9b6909d420cbc97e5b1fa999acaef7d97174cf1f5345","Tina","Thompson","0.0","False"
"23","elizabeth32@hotmail.com","pbkdf2:sha256:600000$M13x4wCEWKLXcn43$ba0548e51d77afb3966bce291c39338788db5a2c2dba56790c99a679fc846687","Lauren","Walters","0.0","False"
"24","nancy51@hotmail.com","pbkdf2:sha256:600000$QYHPgP4cDLFMGRkA$2c964699503aa3d72232ee93c044ba46d07cda05286607ad2cceff54233ea2c2","Troy","Hawkins","0.0","False"
"25","danielrobles@yahoo.com","pbkdf2:sha256:600000$7h94DYfb4Lm7qsr2$2d02c8695c0e8b3851600d4b456520be85f46406246e9f46b6930e660318b8b4","William","Bray","0.0","False"
"26","griffinpamela@hotmail.com","pbkdf2:sha256:600000$R1j7brAySfJLTzVq$6998169dbf81ddbd33d154fc67bd287ffe48f2dd7da2f76afeb9d9678c3de3bd","Melissa","Wells","0.0","False"
"27","qmyers@yahoo.com","pbkdf2:sha256:600000$UYFQ6zpmphPjjZv7$97c7a2f763c07576aee53a0b109f5490a8e92722940df99962085d4505f4e53a","Amy","Sanchez","0.0","False"
"28","jeremy94@gmail.com","pbkdf2:sha256:600000$lCvLfkupp9VWUng5$331b40ea55cb94b34e392fed07add942e1a58ad75ae7fcd953c0f53c800eafb3","Joshua","Jones","0.0","False"
"29","wendysteele@gmail.com","pbkdf2:sha256:600000$v5gys6zMuEsxUb0b$16922fde63b410994b41fe0171efa904e1378305b4d18539c92a5804364ae738","Zachary","Garcia","0.0","False"
"30","hartmanrobert@hotmail.com","pbkdf2:sha256:600000$CBUuk3ptagRlu9Of$0fca79b80713c2a90286606c6f6da2f3af51788c336ace401dccfb3258edf82c","Kim","Ortiz","0.0","False"
"31","martinezchristopher@gmail.com","pbkdf2:sha256:600000$1JQDussCH2QHm31g$1fbf230ccdae1b9a0de38683e7978ab7605d1ee79809a267799dc0d72dfdfb95","Kristin","Ibarra","0.0","False"
"32","qstark@yahoo.com","pbkdf2:sha256:600000$XfBAPFAzeyDEfj1L$f7ff1bcd3a1e25434bfa9b8fc106be96931b01e5529b2f8c896b61482203dc28","Eric","Taylor","0.0","False"
"33","waynebarnes@yahoo.com","pbkdf2:sha256:600000$zpGrXq3J16ta3DUs$3b1886adc6faa9ab5d2fb81e542459c414cc4c6e0bc6fd3c9b5ce99332889969","Daniel","Mccall","0.0","False"
"34","vschneider@gmail.com","pbkdf2:sha256:600000$oUzAzh4gZpzSyBOo$b2d8510a9cde3628348c60045912da1ee950655c0c2e7484f575b55c3e03e208","Brian","Kelly","0.0","False"
"35","ostone@gmail.com","pbkdf2:sha256:600000$O54mkRPGg4a7pNz5$1a078569ab5119de720a556d8ee80529bc1e067dde17e1b8b0b81f2d9b4b2b7e","Abigail","Hoover","0.0","False"
"36","blewis@hotmail.com","pbkdf2:sha256:600000$XDK86WoHpe1mfqGT$591c915c00f335537c72ca7ff70a21d140ec2d66a9ac72f5e30406d3e6e423ea","Ashley","Williams","0.0","False"
"37","hbrown@gmail.com","pbkdf2:sha256:600000$aY0O0otrxMVcCQwG$b5a6d51017ed6925502017b5fec02f125cdffe460e6c575ae8ea967cd07d8fdb","Edward","Hill","0.0","False"
"38","joylowe@yahoo.com","pbkdf2:sha256:600000$UsbZs7218fsZp81S$d3d2a7198f887364b5bf0f64beb63337364bc347cabbb673b4a762ab1393e4ed","Chad","Bridges","0.0","False"
"39","sandygarcia@gmail.com","pbkdf2:sha256:600000$Aa1zvdLdBXadog5N$2109cc2bb51610edb65b1c7125f3bc5bbd1594012c91921ceb627baf9eb49524","Dalton","Fritz","0.0","False"
"40","nbaker@gmail.com","pbkdf2:sha256:600000$tmDrbZV5el9spkGk$b7b33b9a6c0b3484e16c995a410864151e9bd679ba721b891df84d7ba520915c","Erica","Vega","0.0","False"
"41","jenniferbaldwin@hotmail.com","pbkdf2:sha256:600000$CZqfqaBG8BuY8mFT$2128287a59f472bc11daa7560f4cec04ccb7073f235f23cba33b9cbefb4b7b88","Dawn","Russell","0.0","False"
"42","codyherring@hotmail.com","pbkdf2:sha256:600000$afy809LoZ7dsCDqh$6b8aee557e4452e8c3534ec9f3fe48a4f2faee9173514d44626cbb0c6ad16b18","Erica","Le","0.0","False"
"43","tgilmore@yahoo.com","pbkdf2:sha256:600000$fk65fApDmgDUCMIM$bcbe75593239063efdd920dc5732d59870582455db8a7198156860906c8435d2","Kenneth","Castro","0.0","False"
"44","justinbonilla@hotmail.com","pbkdf2:sha256:600000$RxrdFM7JNbJwxycj$4dc791c63e1580d2da7d7afe0e01c6f21c970d2d26967b959d6d7b54f4e96725","Daniel","Patterson","0.0","False"
"45","webereric@hotmail.com","pbkdf2:sha256:600000$hze22cnEaehgy6ML$fc08b8d2a9f3ea0fed8a54adcc607dce121f77936ca85547c9c647aeab374d3f","Douglas","Yates","0.0","False"
"46","denisetaylor@gmail.com","pbkdf2:sha256:600000$YJGrWSjQKCx7OeCn$4e5198da2797644b5cabd009847d7cab3261dbe2e5d4528ce356a00c8bfd407f","David","Steele","0.0","False"
"47","jyoung@gmail.com","pbkdf2:sha256:600000$BQ5jhyq6YpkdItrm$3ff28d0acd3faa2e04c0c317de7360ffbb827d53e764854e6e673989e267d4c7","Christopher","Green","0.0","False"
"48","upeters@hotmail.com","pbkdf2:sha256:600000$7HrM2gkt9KfKx1oX$5d2390ae85d8a6f32de739f02b9af1c175079666c0b47cb6a07647ccd3f8c8cb","Maria","Valentine","0.0","False"
"49","torreskyle@hotmail.com","pbkdf2:sha256:600000$qP6R0X7RB47uh6Jl$1155693566e0aa92d2ab09cfb6546e19c8163d9673a8f5d5e9de981e15c40bd1","Beverly","Taylor","0.0","False"
"50","christopher91@gmail.com","pbkdf2:sha256:600000$OGvVEeWow4e7SYi7$9fa3377e55d8417aeb355221c76496cd9753a3381f40b85538d6c00e5ebc8f66","Kristin","Alvarez","0.0","False"
"51","yolandabraun@gmail.com","pbkdf2:sha256:600000$DZxbzvmtvjLgIzRX$e0411026c5f249a3d9734475f78786083d7846a0eb135bfa917b2c89bb0550e0","Scott","Lawrence","0.0","False"
"52","olsonjohn@gmail.com","pbkdf2:sha256:600000$EiwbgRG7VdI41WOS$d100e70864add9676b43488123ce85023e990e41ab0b9a79871d0dd98a4a14b7","Perry","Jr.","0.0","False"
"53","erin71@yahoo.com","pbkdf2:sha256:600000$Oq1ULpfdRKWwJhQj$33dcfb3a34534e27cfa7c7d5b464c0b22b58daf7a70674b3994edd286cb84d5e","David","Rivera","0.0","False"
"54","kelly22@hotmail.com","pbkdf2:sha256:600000$tGbEAQKyPseoNUDk$10798a562573274d3a3d6402ba447825f88d1694888f30f81e6c0c728aedafcb","Shannon","Rivera","0.0","False"
"55","beverlysmith@yahoo.com","pbkdf2:sha256:600000$r3lT441qkW4oomYm$f87ceae70b8d1c9be43d0c1248fe32d9984a6cb64ff4adf1a80e2378c8f7e0db","Katherine","Smith","0.0","False"
"56","ktucker@hotmail.com","pbkdf2:sha256:600000$Zg4zNWb0HQGW5qSm$2df3f0e068f7d4c119115689cbec1cf3fe49a98aa842baa5b477a6eaa120ecfb","Elaine","Morris","0.0","False"
"57","gordon43@hotmail.com","pbkdf2:sha256:600000$GFQhEiOlSNfJnct2$3ea14935b97cacd8e4892bec4f28b232edae63fb341da774a53563beb9e54c6c","Wayne","Reed","0.0","False"
"58","kennethwashington@gmail.com","pbkdf2:sha256:600000$bIKiVBpEsYPloLMi$bfb26467c2d6955463570fe6aee2fb7bb4e1e7599e3116066ffdf87d7c40a83e","Jennifer","Marsh","0.0","False"
"59","zharris@hotmail.com","pbkdf2:sha256:600000$RCgW54Ttr5pj9xyu$9b957654dae9033dd65faceafb967a2a2b4a4bc2a1373c4c855d1f20245f4a37","Richard","Haynes","0.0","False"
"60","davidlewis@gmail.com","pbkdf2:sha256:600000$3xdGnqHZkWSHTfO4$a16fc6f43f31ddefca453d995cc7ae673f902bfe59dafa576793cdfa7383ad66","Sean","Jackson","0.0","False"
"61","joshuakent@yahoo.com","pbkdf2:sha256:600000$itRm9jLWWoqPKzDA$7aa3d30e93867f328c20497e3bf4275512ee508f6901f1dd4334fdceea3c593f","Billy","Graham","0.0","False"
"62","tammy10@yahoo.com","pbkdf2:sha256:600000$zpwCCvArANu7P9p3$6d0c0e3a895f53c5099c9094ecc964c7102326dcb318bad926b30f45cdacf1a2","Christopher","Mitchell","0.0","False"
"63","christianhernandez@gmail.com","pbkdf2:sha256:600000$FD1hfc6kJRepKsNQ$b4adf0aca6768368232eb6e01125bca4848b7b23d56ef705df27e754159f9ae9","Jeffrey","Griffin","0.0","False"
"64","randallwendy@yahoo.com","pbkdf2:sha256:600000$T3NoMTpFveHJ7gi6$5083e87a4e8574aa40e1f29dc4733dd8ca6c166325f65ac8636866cb47a58e8d","Chase","Foley","0.0","False"
"65","heathercrawford@yahoo.com","pbkdf2:sha256:600000$5NyL6fMlnopZXDXQ$012939a8df11fa0a5e9c70f0af9131d725ca9b5ec5683298c1aa72f50db83a75","Matthew","Cisneros","0.0","False"
"66","pauldiaz@gmail.com","pbkdf2:sha256:600000$ZhVeWqta4QagTtbt$7b3d05c6b3074bda6d6a19bfdcaee101b3ef696db9d02cd9edbc345f4be65084","Tyler","Pace","0.0","False"
"67","victorlewis@gmail.com","pbkdf2:sha256:600000$f6p5m8DsdZsd92hg$a50cfb1cf9b1b7f590f95cd4630425a97965a11c54de8397fbb3cf1c4fa05d8b","Matthew","Beltran","0.0","False"
"68","armstrongcolleen@gmail.com","pbkdf2:sha256:600000$RqKUQu8Io0AU5EbV$5689fec2e52ccccc03eb0704e5c2da1e969dd9783af22282cfa852b179b21cde","Sandra","Powell","0.0","False"
"69","mwade@hotmail.com","pbkdf2:sha256:600000$Dci2s4ue0H1I2ISF$aa01d8961d457523928cccffa9f609a369a6557e11d7982b332a52a18cafc4f3","Matthew","Jones","0.0","False"
"70","kristinperry@yahoo.com","pbkdf2:sha256:600000$un6oInoYX6dC0nwn$ba31af0c5892a70d71c82d69e722dd5fa77f04bd83e747739011db61739609dd","Jacob","Roy","0.0","False"
"71","cbrown@yahoo.com","pbkdf2:sha256:600000$wYWDflWtSpn3Sazc$e6430009e08477b8185dae84c77009e013d915123675f509df35d7dd99a3471d","Shannon","Boyd","0.0","False"
"72","patricklopez@hotmail.com","pbkdf2:sha256:600000$xaFJHiXlaO1yHZaf$c3d4a93e707177b7461b0ff4e2c24682711284878785764630f884b4d105e5f3","Jessica","Wilson","0.0","False"
"73","osanders@gmail.com","pbkdf2:sha256:600000$u5KuXYs9uXvdSyze$b24e44daf00565c2c060bff0bf3464af3fb54cd86acbcab977471cd73592e9e6","Keith","Ramsey","0.0","False"
"74","sharon91@hotmail.com","pbkdf2:sha256:600000$cc4IHgkECZiOOQFr$d6a3768321de9708c24d82558ab73d58fa544b963eef18140cc73a16a67c19a0","Lori","Dominguez","0.0","False"
"75","privera@gmail.com","pbkdf2:sha256:600000$K2bxlAc1YZwdcVB6$6a0649ad96564fb7579a0467d5c4fe4c7bf288d9eda35b372c663248f7da2ba7","Patricia","Pearson","0.0","False"
"76","brian64@yahoo.com","pbkdf2:sha256:600000$ci78cJUBpWplHElE$3c33db0ebbe5746a9fd5914a0d087a46aefb9a6fd43ec9d23a129c75ef4bc703","Alan","Pineda","0.0","False"
"77","diazfrank@yahoo.com","pbkdf2:sha256:600000$M6f2Vs9N1FAw7WLy$51a075c92cba93dea0baae7caca6e5dc7e0f794b9d8150baf77bd900fce3138d","Jamie","Clark","0.0","False"
"78","qferrell@hotmail.com","pbkdf2:sha256:600000$VbKQX3njs8b7bOdW$7bbfa29f248044546c6ad8f111f84fa39ec4cce0809ff2ffcba46e54b0d9d29d","Tracey","Bartlett","0.0","False"
"79","patrick19@yahoo.com","pbkdf2:sha256:600000$g3zbIkCb51WXCaEG$545491be12fe762e59d8b2c2931646ef1d1007e725b51f4af91b0159d1bd76b2","John","Coleman","0.0","False"
"80","derek56@hotmail.com","pbkdf2:sha256:600000$x3FiLp0V6QTntM0B$f7978d02138874ea4fb63acd77caa894d25faffb674d6c8747f6307274e18478","Edward","Ochoa","0.0","False"
"81","jacob95@gmail.com","pbkdf2:sha256:600000$0PneK0OSOxK6sNPQ$1ef24bad47a383f06b1990f0b3ba0e2aad80bae34035a734e407c5c724306d17","Sheri","Jennings","0.0","False"
"82","ppatel@gmail.com","pbkdf2:sha256:600000$oDXVrtBkEwrYGKcU$050ef71461f55f6c62af5db45851d5e6c5c013953dc7337170770831d15f9a32","Deanna","Holt","0.0","False"
"83","nicholasmorgan@hotmail.com","pbkdf2:sha256:600000$8R9f943tn5JFy4fF$76dc925f9d64e1dc90e9d1f4dce60a7487f0eccf5c57c46c860651da1af4e4a3","Larry","Palmer","0.0","False"
"84","dwells@hotmail.com","pbkdf2:sha256:600000$SHUEgXfimp45wq8m$f4990330d2b980a96ef86254be4062e7a08295331e4b11536d516b53008e50eb","Kristina","Higgins","0.0","False"
"85","amyporter@yahoo.com","pbkdf2:sha256:600000$pVAWJpoCiddgXjgb$5a1b77129c0126c4482093c1613d5ca28e2c5ff2fab63052c6fc18eba45ca232","Shawn","Matthews","0.0","False"
"86","lindseylynch@hotmail.com","pbkdf2:sha256:600000$XB7WDTNe69snFx7I$5e18d5f8b66313c86dba7949aa6e14d36d19cd3cdadde914af91e2f54d67c64b","Leslie","Pugh","0.0","False"
"87","lcollins@gmail.com","pbkdf2:sha256:600000$jXfq2Co0dknyleX1$2fe959f0ff01caa9ba78428103767aa08286cb120dc210130869025b445cd799","James","Rodriguez","0.0","False"
"88","john71@hotmail.com","pbkdf2:sha256:600000$hIvb3kptxWiySBBA$42edbfea40bc72821cda823c8e6bd2c23b97f068f44442deb2995394ceb1fbc9","George","Butler","0.0","False"
"89","deborah72@hotmail.com","pbkdf2:sha256:600000$oh0tyDo9WnTK6GJR$95f8bfd2b723a1d1134f225694bbb3052703462f4df35ccfa96165e6bec2648b","Shawn","Gregory","0.0","False"
"90","irwinwyatt@gmail.com","pbkdf2:sha256:600000$VvzcR2PcO1ZGsxLl$93d7c687c33d5f422ff6aa735e4b8f3091dd60e2a031346032101f6d2ab52861","David","DDS","0.0","False"
"91","pbrown@yahoo.com","pbkdf2:sha256:600000$KNthNfbDBxbymNSL$d347825e0cc3ba1d151a3366801ec12e64adf3d11d34fc8e2fd2b9bd3771c0df","Mark","Chapman","0.0","False"
"92","elizabethyang@gmail.com","pbkdf2:sha256:600000$JRD4dF3xn6ENUfPt$2cd961827cbaab225c9cc3b71c3cb63f6c48f34b6a5a56a7b1ca09e5d25a4de9","Savannah","Miller","0.0","False"
"93","zwilson@hotmail.com","pbkdf2:sha256:600000$MP9JE1IeJJ83NOZp$118f1ebafb42d2efdd00fc9218920e0c4ffe1ff473b3aaf6fc95581eb17dee74","Matthew","Doyle","0.0","False"
"94","drakefrederick@hotmail.com","pbkdf2:sha256:600000$sXaWPzq4RhruHVqS$29dda6a7ccbed9a88ef7f4e8981dbbc7e1cb8970b990d39db929808db8caae23","Daniel","Carter","0.0","False"
"95","mforbes@yahoo.com","pbkdf2:sha256:600000$KI2xUGJwkP9kCPYr$b27292b7df2dc01faee1b0655cfa7faaba5fc704715c409219b71d309b56e0f3","Donald","Ponce","0.0","False"
"96","hillshelley@gmail.com","pbkdf2:sha256:600000$4jXMdBY0NbbJB2Z7$5788edc3303d013413b332b3a6222659dd643d52942e7427709c7df9c02e2722","Dr.","IV","0.0","False"
"97","brittanymendoza@gmail.com","pbkdf2:sha256:600000$lPEfR0EU8unQncTX$5fb6250bea8acd9aff168d8be7a806b7cf9238226577db95e7e998452bf63172","Adrienne","Friedman","0.0","False"
"98","taylor42@yahoo.com","pbkdf2:sha256:600000$k4PxVMvZyGnNb8OQ$29ff945b442fab56d9af56c2cdb59d6b1e5d1e189d1f23fc2348989e7c59d258","Justin","Adams","0.0","False"
"99","jacksonlori@gmail.com","pbkdf2:sha256:600000$DCLVixNEC2dwZA64$733830eecd643050a9fb68673d268d3aa4c9c1e296611a06d2d9cbe06be13c07","Michelle","Welch","0.0","False"
